{"acc": 0.8319831403847964, "loss": 0.23880483897378801, "_timestamp": 1678292828.9127257, "_runtime": 0.809546709060669, "_step": 7, "_wandb": {"runtime": 0}}
