{"eval/loss": 4.403107166290283, "eval/runtime": 2.0792, "eval/samples_per_second": 7.214, "eval/steps_per_second": 0.481, "train/epoch": 2.0, "train/global_step": 2, "_timestamp": 1678294457.3008263, "_runtime": 23.42488741874695, "_step": 2, "train/train_runtime": 22.6537, "train/train_samples_per_second": 2.207, "train/train_steps_per_second": 0.088, "train/total_flos": 3430730956800.0, "train/train_loss": 4.65450382232666, "_wandb": {"runtime": 22}}
